Actual,Predicted_RF,Predicted_GB,Predicted_LR
900000.0,1649781.3622248105,1546391.0444266554,3342011.265408421
17940000.0,10488604.976280594,10364703.790630005,3991345.976147961
8486772.0,7709294.336618353,8828269.891612096,3352347.6274056784
17940000.0,9821208.190933565,9937532.344612032,4172097.2202084092
1010400.0,749106.5298468021,846946.7412848689,4150266.677579212
1100000.0,2364426.2027005386,1421318.0142857574,4257317.554508898
580000.0,596113.5578108687,665931.7450455081,4144214.6459592367
125496.0,128390.34529909784,195229.31943987173,3567183.7244705497
17940000.0,10341513.983956985,10364703.790630005,3931257.0683515565
254000.0,985546.0178325307,1011283.0000435013,3241936.5996923973
754000.0,920535.5812267999,750106.2973497671,723457.4641355094
1.0,861641.2926027544,875231.9951978037,3239775.1598281204
345000.0,518321.4250840729,458173.12473364716,3057083.916501186
168000.0,1496290.3485048786,1222262.783121407,3252959.94300021
300.0,849240.2746916779,570740.4243405404,6349964.027453879
6565641.5,2529936.7416142584,3311453.298120954,3274142.053670124
8486772.0,7151180.858384491,7847708.909767201,3017823.0148116015
17940000.0,2661767.0675364705,3938180.516553968,4146935.323595412
3850000.0,1365932.6663738678,662154.2974345661,4113507.61590138
820000.0,1394171.2413551265,1222554.548578823,3305699.075688568
2759394.2,10355189.786439225,10323262.628816858,4051434.8839443643
605200.0,580400.3990183251,542028.776568945,4088017.2094880356
445000.0,1819925.0954642312,1743601.6007290634,3512548.870699873
2300000.0,2482667.360883515,3698592.025213105,4431560.099130087
206500.0,349757.96580626763,504904.79354254046,2801463.5139634986
1.0,2473701.1396554112,2247372.519771971,3825741.5070336056
390000.0,947758.3245388407,1118116.9192580427,3250150.07117665
8486772.0,7793384.066414826,8147764.004177555,4925575.156895359
546000.0,587545.4475596108,950707.9804055641,3869656.0322196633
593000.0,4208675.030539908,6511128.02468538,2141209.541954308
86790.63,1294077.6841041832,904955.3267463464,3268522.310023004
17940000.0,9821208.190933565,9937532.344612032,4172097.2202084092
2759394.2,10341513.983956985,10364703.790630005,3931257.0683515565
670000.0,598798.496859565,665931.7450455081,4141620.9181221044
402000.0,720140.104024086,813960.5846220365,3235019.992126711
1250000.0,729943.2675946427,570147.7148545946,922543.2899889941
851053.9,4675631.122074936,3109316.1241366765,3817033.8047254803
1675000.0,1221622.4096867682,947064.1882833362,4154157.2693349104
1125000.0,2146883.764055858,1162982.2525665695,3981452.283718205
5500000.0,5526465.255175936,5318475.273536745,4699704.691078417
5500000.0,4291363.069663976,5034867.371015019,4209273.985873973
375000.0,356206.1864448743,188021.74397020348,2505586.648855703
8486772.0,7062199.352066801,8641798.782430809,2658957.7189456285
8486772.0,5582785.899197628,8057567.726261884,4232185.248435309
220300.0,1082479.4119758483,803547.5827952877,2527176.770517042
1200000.0,755686.160533186,676975.1186636611,3473891.115653526
17940000.0,10799445.11243055,10503338.384280149,3811079.2527587493
18653820.0,18431227.936000407,18290795.161725394,4416556.068858135
454000.0,931696.443647748,881905.6707839757,3235668.4240859943
546000.0,758245.0148466623,988333.7479125633,3440723.8686843007
920000.0,626742.4868499895,716638.7338050266,3283867.11626283
612185.0,290216.35566314176,332629.5191786761,4587742.106108869
821447.0,580062.5904671963,933077.7408557492,1854875.2602322814
530000.0,1021778.4545848478,1073113.5808203712,1294880.5918722637
1054500.0,1259600.9975458027,994390.1188123218,172670.07349850936
18653820.0,18579068.14519386,18556886.133796256,3193067.4044717
2759394.2,10488604.976280594,10364703.790630005,3991345.976147961
3200000.0,4957435.3354119845,3742899.3305524434,7048097.701145282
251000.0,3339087.70495786,2873495.168035825,2276364.9771349747
410000.0,1060731.184713008,3273536.222791434,4052679.70897517
18653820.0,18579068.14519386,18556886.133796256,3191554.3965667062
390000.0,481318.8770970037,347074.99755463045,3902449.938612449
347170.0,3046445.747963168,2895454.9452904197,4122723.3443852603
183000.0,513493.1996570762,483392.4374672817,2935458.325294924
884616.8,3088122.965671201,6067906.679296806,4989508.166997734
1830000.0,2895320.3616624726,3849630.9937095945,4268314.4608510025
900000.0,1438713.9888316249,1326637.4740839633,3326881.186358482
125496.0,128390.34529909784,195229.31943987173,3567183.7244705497
283429.0,540524.5315371783,567616.2696944944,4125410.119140027
6565641.5,2554450.5318592917,4245590.872552021,3272629.0457651303
910000.0,592298.249414106,1269199.2676996905,3855174.3851290075
415000.0,584669.7501370786,615691.1714073899,4076561.5782073676
715000.0,573126.2146786149,567616.2696944944,4129084.566909298
97000.0,1479151.3324666023,1222262.783121407,3254256.806918776
480000.0,406076.05441033497,395282.9418393617,2350826.5906317
1050000.0,660690.0199157251,529564.81050739,3410031.422611568
2850000.0,1753967.2806168455,1331422.9588297957,4157458.582268774
18653820.0,18648373.82168261,18607652.58812995,2930835.865652663
17940000.0,10799445.11243055,10503338.384280149,3811079.2527587493
342853.0,1925048.168451388,1929696.9503656458,3251663.079081644
10000000.0,10076204.495545223,9908263.403409677,4054460.899754352
305000.0,473083.0530425936,890809.4165131911,3028650.9360902985
820000.0,821941.2488031667,702235.5586179673,4101943.2508323896
1100000.0,709199.2918812598,690317.2580164613,3120490.4204272176
17940000.0,9821208.190933565,9937532.344612032,4172097.2202084092
293000.0,584733.0622985219,615463.4240340333,4071590.2665195307
920000.0,461442.79751027736,1067264.6614882862,2985554.717247365
607920.0,1495986.037905707,1257376.1370651259,3257931.254688047
130000.0,1133289.4993966096,874351.4353923142,3384159.3427618216
18653820.0,18067063.33653728,18556886.133796256,3253622.273316493
500000.0,6853726.437973025,7863960.120016614,4174258.6600726866
900000.0,558933.7153499507,694402.3969542986,4113954.487859359
120000.0,521644.59274569794,678895.7472009906,4061431.4991574287
2759394.2,10799445.11243055,10503338.384280149,3811079.2527587493
1675000.0,1221622.4096867682,947064.1882833362,4154157.2693349104
450000.0,3411001.0594772873,6079620.511021031,3597277.3133795303
2759394.2,9821208.190933565,9937532.344612032,4172097.2202084092
361000.0,3485913.417860754,1546391.0444266554,3343308.129326987
3992516.2,961169.4176621719,1034671.1348034964,3249501.639217367
1675000.0,1221622.4096867682,947064.1882833362,4154157.2693349104
5000.0,1686208.6122371275,1330761.8486825295,3255337.5268509146
350000.0,476483.28879056015,871909.454970873,4165228.391251484
125496.0,171403.8035492408,472095.22745909146,3855054.174558924
650000.0,1885971.5946571038,1404995.0404016883,1393135.5235434598
499800.0,1480590.3871263394,1277161.733229441,3338120.6736527225
230000.0,1481224.23056055,1339703.625378625,3335094.6578427344
726500.0,560205.6075563042,408422.8523027578,4063623.8810926997
1888000.0,2498560.0982725443,1413566.377126767,4324046.44266708
200000.0,438614.9240784952,333407.2735962012,2413159.6242666985
1364690.0,607363.5175557174,665931.7450455081,4139459.4782578275
125496.0,243946.17589123276,144486.13664174368,3361450.982653732
15000000.0,8901573.440173633,13109671.34124658,4225469.29984987
1610000.0,8401871.194630316,14227303.105085839,4375488.711436871
277000.0,341826.99142139975,749161.8274549003,2665246.2955158288
1100000.0,1297169.1447948117,904955.3267463464,3265928.582185872
183000.0,1609224.4564782076,1575127.3340567981,3260308.8385387515
3300000.0,468716.0028902901,692923.3692795001,2885926.7997579435
749000.0,540058.3531420906,796489.1881605644,1936872.8230201232
2759394.2,10799445.11243055,10503338.384280149,3811079.2527587493
385000.0,473083.0530425936,890809.4165131911,3027570.21615816
415000.0,689236.9885428372,1064346.064337805,3135843.8931046897
344000.0,685586.468660692,490318.2494633736,1293809.3418710493
202000.0,632295.3510396761,1388190.2072496451,2547777.332519981
2759394.2,9821208.190933565,9937532.344612032,4172097.2202084092
260500.0,395447.7036404321,405641.4541547947,2839694.8935267767
344340.0,553057.7477611832,-350489.6081785578,2916492.892000917
10000000.0,9637957.088988315,9553462.974354377,4175123.2360183974
2759394.2,9821208.190933565,9937532.344612032,4172097.2202084092
820000.0,463686.90710594924,443298.1300158409,3212776.6920192027
1130000.0,700611.6299637073,561177.4334697429,3211441.1647022804
550954.8,2208259.5154375075,1874355.3365242903,3393453.5341782128
2500000.0,1083475.1323304954,1037457.2957623767,3643565.9041382764
275600.0,641785.560560298,1341089.7240599564,2299096.4444123395
125496.0,128390.34529909784,195229.31943987173,3567183.7244705497
260000.0,1317651.3172398724,1775332.0591307792,2248782.7111018575
3300000.0,968352.7005813612,772149.0964150747,4105741.0163751068
18653820.0,4966936.215848753,4182431.990764481,3236749.1440181327
404460.0,1321190.965229901,1316807.8814171478,3270035.317927998
18653820.0,18431227.936000407,18290795.161725394,4416556.068858135
17940000.0,10341513.983956985,10364703.790630005,3931257.0683515565
785000.0,2540056.0501057366,1231457.3807102486,3222726.526007518
406350.0,627179.5035571094,695415.518225606,2763665.2399523547
1125000.0,520776.46836033714,673131.1676581107,1796373.0090420581
125496.0,237144.45547866396,332629.5191786761,4585148.378271737
360000.0,607070.4698534921,488207.13766027405,1945708.0217434277
8486772.0,6598500.45336246,7827914.3689085115,2920189.686982511
336560.0,515946.2056621919,576984.9373347382,2394227.8179002116
125496.0,128390.34529909784,195229.31943987173,3567183.7244705497
5500000.0,4032861.0391581897,5056607.250448245,3026765.6197566735
280000.0,599307.1592158957,514183.929948045,1619346.8246494592
454000.0,1145622.7168448009,581919.6767940725,2004436.4641633418
359750.0,464825.392033522,437821.9406758537,2975047.2274562297
5500000.0,4029299.8437104695,5250534.577468841,2807795.1627224325
381280.0,641256.5744739254,763920.3618833203,1901846.7310076626
17940000.0,9821208.190933565,9937532.344612032,4172097.2202084092
428250.0,559430.3426724494,358933.7972470712,2831340.396989305
296000.0,338410.8358460133,1224354.86227056,2820025.7907618564
17940000.0,10488604.976280594,10364703.790630005,3991345.976147961
2759394.2,10209104.073968817,10195479.162795534,3630812.529369538
960000.0,859327.6042671565,595468.4884294347,3459329.9676243537
2759394.2,10799445.11243055,10503338.384280149,3811079.2527587493
17940000.0,10344771.911562212,10375070.349831678,3871168.160555153
432194.0,894918.398622864,899058.0484336278,1267880.5184878604
359000.0,1080739.5053222093,297894.01832152664,1828246.4991912446
125496.0,128390.34529909784,195229.31943987173,3567183.7244705497
125496.0,171403.8035492408,472095.22745909146,3855054.174558924
18653820.0,18431227.936000407,18290795.161725394,4416556.068858135
10000000.0,9637957.088988315,9553462.974354377,4175123.2360183974
1675000.0,1277842.019651308,1131811.6047719293,4142974.204173579
1630000.0,634434.2168835613,483392.4374672817,2933080.741444219
8486772.0,5582785.899197628,8057567.726261884,4232185.248435309
540000.0,1646425.0851069875,1763949.2696392362,3353034.608716233
524494.5,545578.874361253,599716.7693330934,2023031.8962029621
392500.0,458078.7563501554,432510.5407075774,2758522.626141278
271000.0,593513.3891329316,416071.53113579,2421254.145446445
125496.0,171403.8035492408,472095.22745909146,3855054.174558924
4500000.0,3250296.939785741,3707814.6184727014,4206247.970063985
2759394.2,9821208.190933565,9937532.344612032,4172097.2202084092
445000.0,3214681.4946659934,2078408.3392566522,4207544.8339825515
250000.0,227497.82045163837,374808.4024961722,4054082.6036188873
531000.0,1450044.6772660695,970209.3824023828,4182904.4195297942
214950.0,227497.82045163837,374808.4024961722,4054082.6036188873
650000.0,1955267.373317306,2272144.6285815383,4465620.753777221
2850000.0,2122533.059719896,1535795.5324969038,3323883.670794688
125496.0,178323.84932574094,101345.51659338045,2958092.053696614
5500000.0,5746532.991626622,5359052.939526316,3517196.3249611165
8486772.0,7793384.066414826,8147764.004177555,4925575.156895359
670000.0,407857.67225416936,358092.5990733869,2782059.56808379
5500000.0,4032861.0391581897,5056607.250448245,3026765.6197566735
650621.75,3928616.2038469263,931730.3579192124,4209922.417833257
375000.0,1966787.2060889357,1989455.6299974758,3235452.2800995666
410000.0,771663.1458602961,1234192.8233497604,2283227.6803876907
625000.0,752397.8272425424,632537.8660296856,4113494.4393305783
1200000.0,621764.6789106458,640893.2557815256,4074780.1936175637
421300.0,499924.67892274365,454734.82820317097,2731363.7570708496
1200.0,1013542.2154968032,813960.5846220365,3235236.136113139
330000.0,1830577.6138086177,1682500.3895578939,3255985.9588101977
401500.0,4966936.215848753,4182431.990764481,3236749.1440181327
486855.0,530432.1137852041,408667.46567128965,3761367.0154498834
17940000.0,9821208.190933565,9937532.344612032,4172097.2202084092
380000.0,597993.559287469,739160.9900135875,4153076.5494027724
6399909.5,3408871.5002658586,6079620.511021031,3595115.8735152534
1150000.0,723729.1448747999,798725.1845554871,3759642.545308778
290990.0,335404.89979889884,-47308.09733650461,2260638.753337267
530000.0,1388288.0946463086,1721280.1630381204,128040.0663965554
240000.0,675642.3628266798,678997.8963401698,4150050.533592785
650621.75,1394171.2413551265,1180914.4036449762,3305915.2196749956
125496.0,237144.45547866396,332629.5191786761,4585148.378271737
1300000.0,2291213.679953951,2031571.5009878364,3449434.826662986
17940000.0,10355189.786439225,10323262.628816858,4051434.8839443643
18653820.0,1747766.3778874283,1494122.9972565798,3237397.575977416
237550.0,422780.35178302537,564627.3264435459,2890033.53550007
17940000.0,10799445.11243055,10503338.384280149,3811079.2527587493
18653820.0,6212190.988406314,6089897.303775841,3235884.568072422
960000.0,859327.6042671565,595468.4884294347,3459329.9676243537
299650.0,1234601.8195788178,1869363.943475115,2193665.994562795
460000.0,754810.8653424439,777458.051379075,1304231.208942295
1130000.0,628566.2983109938,651265.2410856703,4092340.0892165895
6240000.0,2765518.1298038145,2835539.0053694732,3712265.9141590646
8486772.0,7793384.066414826,8147764.004177555,4925575.156895359
2600000.0,1874136.9611520625,2002643.680576583,4436589.1565410495
185000.0,1368066.6580673316,1222135.6833360787,3310886.5313628325
10000000.0,10076204.495545223,9908263.403409677,4054460.899754352
125496.0,237144.45547866396,332629.5191786761,4585148.378271737
234900.0,348851.1060344939,-19649.38083376342,2242930.8849592526
125496.0,237144.45547866396,332629.5191786761,4585148.378271737
400000.0,919361.5213588784,963650.7598626649,4145438.7017176566
17940000.0,10355189.786439225,10323262.628816858,4051434.8839443643
18653820.0,11311423.226894125,11190874.330431601,3236533.000031705
558850.0,584833.148015058,255143.25242486244,2150057.67693014
2108340.0,1934310.4551344141,1743601.6007290634,3516223.318469144
250000.0,1700014.240201933,1686313.991859571,3490069.896111393
250000.0,2161320.510130975,2031571.5009878364,3452028.5545001184
1.0,1807208.155407912,1481781.8347586358,3426091.2761287945
630000.0,1340997.6171518047,1217760.2390881672,3252339.1317176167
405000.0,12294625.05905016,11914822.83922834,3236316.8560452773
187500.0,1957310.2788740213,2780036.4882721286,3557290.6758904066
415000.0,760063.8865172137,761562.916686237,3592338.8997854083
444600.0,553811.3297725782,665931.7450455081,4136865.750420695
1.0,2706853.3933507423,1846251.8298976438,4368369.024690086
345000.0,553248.2626322276,665931.7450455081,4135785.0304885563
116000.0,1480590.3871263394,1277161.733229441,3337904.529666295
220000.0,482183.0190193884,387315.9962730013,2245634.1208587755
1.0,1666242.2637319162,1652049.1120491985,3278681.0773851057
990000.0,595364.8428748745,643853.0535791204,4107686.312252956
750000.0,716136.3474290686,558550.781779448,828606.2801872557
536750.0,765425.0002235322,662144.989860309,2009338.5179827986
18653820.0,18431227.936000407,18290795.161725394,4416556.068858135
400000.0,552344.2820972126,567616.2696944944,4132110.582719286
18653820.0,18384585.916408364,18134010.915503673,3291775.8632243
419200.0,932021.117584945,992854.3752179302,3236965.2880045604
18653820.0,1479151.3324666023,1222262.783121407,3254040.6629323484
17940000.0,10341513.983956985,10364703.790630005,3931257.0683515565
330000.0,646484.0116077123,581585.2887736517,3484951.888069671
400000.0,563248.2177274871,651265.2410856703,4093420.809148728
8452506.0,4555677.784643528,4703940.3312503295,4976044.51055891
650000.0,530263.2458010083,673166.0919518217,3117255.510271908
250000.0,370666.3943206603,532446.7950654251,2222613.350235049
175700.0,601698.0117793055,678997.8963401698,4148321.381701363
397500.0,552566.9455841559,564157.0984597055,4099256.696782276
300.0,1622280.2541455051,1763949.2696392362,3353899.184661944
180000.0,552474.9181553436,564157.0984597055,4098824.4088094207
260000.0,491542.85535599326,783662.2717156981,2384069.0505381096
38844.0,868448.8236545266,875231.9951978037,3239342.871855265
398116.0,545385.3156576398,388617.5226517372,1880944.5183604043
2759394.2,10799445.11243055,10503338.384280149,3811079.2527587493
1479000.0,1075503.5369461917,598730.5002137499,-92273.93844347261
50000.0,3801782.3953228896,2746878.360175845,5640178.09015495
1200000.0,2949747.646465471,2294961.5892078625,4532421.521133124
2405000.0,310524.8062111736,388173.8620485202,3234155.4161810004
2759394.2,10344771.911562212,10375070.349831678,3871168.160555153
1.0,2505418.4466270185,2644556.616005993,3273925.9096836965
560000.0,1652719.862085067,1455755.7424014872,3286894.5488693584
504880.0,537453.8814925383,320384.9903356628,1917356.810818943
1510000.0,3901074.3650926827,969677.9815253374,4216190.593439659
319000.0,358697.11455034604,522457.0431646012,2471010.3222648483
2759394.2,9821208.190933565,9937532.344612032,4172097.2202084092
386060.0,538283.6363730774,858955.9074330456,1986549.2360734122
255700.0,18422415.58493262,15017913.758247197,2523435.4394554626
562000.0,531773.1983213272,396786.6317678562,1939101.146176708
2759394.2,9821208.190933565,9937532.344612032,4172097.2202084092
5500000.0,4291363.069663976,5034867.371015019,4209273.985873973
332770.0,471793.6397139968,598002.3712071462,2783013.7798999157
17940000.0,10355189.786439225,10323262.628816858,4051434.8839443643
18653820.0,18431227.936000407,18290795.161725394,4416556.068858135
2359869.0,2715234.7180193886,4473565.5405824445,4423040.388450965
1675000.0,621328.4599932539,882774.9340805468,2702505.438583204
18653820.0,12294625.05905016,11914822.83922834,3236316.8560452773
1100000.0,1172915.058169555,654366.437780921,2512623.333279785
339363.97,1294077.6841041832,904955.3267463464,3267441.5900908657
1180000.0,597951.2950397977,1014082.7964610514,4077590.065441124
8486772.0,8427651.918482693,8460514.305274202,3725945.8965597935
1630000.0,628566.2983109938,651265.2410856703,4092340.0892165895
18653820.0,18384585.916408364,18134010.915503673,3289830.567346451
125496.0,127154.6713823902,144486.13664174368,3346254.020311485
490000.0,6018382.039010691,7863960.120016614,4173826.3720998312
17940000.0,10355189.786439225,10323262.628816858,4051434.8839443643
18653820.0,4966936.215848753,4182431.990764481,3236749.1440181327
125496.0,127154.6713823902,144486.13664174368,3346254.020311485
368000.0,2587436.933032493,2159925.276005592,3294459.5883943276
400000.0,601698.0117793055,678997.8963401698,4148105.237714935
502800.0,540524.5315371783,567616.2696944944,4125410.119140027
400000.0,1811429.0359125948,2020612.1672095652,3250582.3591495054
273900.0,491542.85535599326,783662.2717156981,2384069.0505381096
18653820.0,18431227.936000407,18290795.161725394,4416556.068858135
631300.0,1534650.8837706035,1031347.8610651902,4198250.642566161
319000.0,2932354.561376809,3144848.6298215487,3244530.3275295296
870000.0,843073.6937818945,866338.3411231771,-120035.1127512725
180000.0,1452519.843006748,933312.8815273278,2025790.378843718
820000.0,696088.5294282896,665270.8119394217,3892273.4551430764
851053.9,1368066.6580673316,1222135.6833360787,3311102.67534926
18653820.0,1341024.421199037,1050413.3699304312,3261821.8464437453
275000.0,535193.4696264698,567616.2696944944,4127355.4150178763
900000.0,1147807.6949137778,700324.6177311214,-1074011.3077671519
850000.0,943098.3463451288,988283.1070841363,3248637.063271656
680000.0,552586.6960434215,567616.2696944944,4131246.0067735747
2759394.2,11713003.660278099,11026839.866915021,4111523.791740768
8486772.0,7793384.066414826,8147764.004177555,4925575.156895359
17940000.0,10355189.786439225,10323262.628816858,4051434.8839443643
8486772.0,4663728.371935954,7828308.65029572,3260803.491440103
397850.0,347357.4320696686,429740.5415418306,2770060.6348237577
380000.0,601698.0117793055,678997.8963401698,4148321.381701363
397430.0,567237.8062692524,380251.66931406496,1761432.8323749455
400000.0,1446572.5093228214,998142.1413523307,4194576.19479689
300000.0,990694.1184462473,1011283.0000435013,3241504.311719542
383500.0,1098087.1102946359,874351.4353923142,3375513.583304714
2759394.2,10344771.911562212,10375070.349831678,3871168.160555153
2759394.2,10799445.11243055,10503338.384280149,3811079.2527587493
2538156.0,1945617.0552026234,1751080.1532652613,3274358.197656552
350000.0,1042028.1396684516,820281.0994673313,-18183.023673082236
64896.0,6212190.988406314,6089897.303775841,3235884.568072422
125496.0,178323.84932574094,101345.51659338045,2958092.053696614
2051800.0,746716.2336618468,490318.2494633736,782801.6627786234
485000.0,1255780.1568080008,942583.9677083886,3362328.8001326243
225500.0,358091.9429333248,1090187.619373432,2472374.069475722
451500.0,1480590.3871263394,1277161.733229441,3340282.1135169994
125496.0,237144.45547866396,332629.5191786761,4585148.378271737
538950.0,552591.6907893087,662313.3919517889,2258052.1995964693
640600.0,810889.649951248,2132314.858907486,1373509.1874047741
703710.0,3902098.443700221,969677.9815253374,4217271.313371798
330000.0,828570.1178248777,414413.4455286771,1957971.933836448
2759394.2,10341513.983956985,10364703.790630005,3931257.0683515565
3300000.0,771297.1335865323,944734.1430695116,2426134.7504896987
4280094.0,1684040.0077588968,1721227.1279990855,3287975.268801497
502800.0,548228.4995500975,487788.2724175297,1989894.9829872167
396000.0,545577.4630124583,605965.074181808,2105226.7554114102
125496.0,237144.45547866396,332629.5191786761,4585148.378271737
5500000.0,4291363.069663976,5034867.371015019,4209273.985873973
180000.0,552474.9181553436,564157.0984597055,4098824.4088094207
2759394.2,10799445.11243055,10503338.384280149,3811079.2527587493
17940000.0,10488604.976280594,10364703.790630005,3991345.976147961
6565641.5,2554450.5318592917,4245590.872552021,3272629.0457651303
250000.0,822874.324360945,718496.0490325303,3268118.5222963425
491670.0,467304.5070884432,848571.9426997966,2149758.038217614
870000.0,684292.3881758144,772149.0964150747,4106173.304347962
4200000.0,1485904.6176847639,1222135.6833360787,3308941.2354849833
784258.0,5516293.3259123415,3435626.616297243,4511782.5199551135
916500.0,926042.5993029366,1699987.8806810642,1010332.565122589
300000.0,885701.1928531119,822665.9461560842,3285410.0412105583
294500.0,432385.13871393324,429740.5415418306,2798076.9756575464
318450.0,336975.4858510097,533937.4969907489,2790645.7027171934
8486772.0,7422195.184725694,8324809.650426606,2674154.6812878754
757000.0,627695.1217981584,859473.0916332996,4159344.7250091755
2759394.2,11713003.660278099,11026839.866915021,4111523.791740768
679500.0,823597.4151953593,626674.7183895076,935464.2839147835
8486772.0,8477926.954108091,8511280.759607894,3786500.765404586
5500000.0,5526465.255175936,5318475.273536745,4699704.691078417
18653820.0,18597906.498555813,17205853.622252844,2971687.0790874977
389000.0,443752.3940637963,273171.893074234,2596420.804249892
3850000.0,4208569.844929686,3937586.9838651745,6642065.437581722
251750.0,227497.82045163837,374808.4024961722,4054082.6036188873
420000.0,377082.29814549314,-47308.09733650461,2284614.7973216837
2850000.0,2122533.059719896,1535795.5324969038,3323883.670794688
452000.0,552474.9181553436,564157.0984597055,4098824.4088094207
5500000.0,4008819.0038479175,4545657.57531143,2529667.7199885654
560000.0,3362108.317797033,3055696.9277299796,3995011.553257288
5500000.0,5526465.255175936,5318475.273536745,4699704.691078417
660000.0,337817.57301602385,405641.4541547947,2822768.7792931083
1617000.0,704866.8589257463,532452.2648938226,2976205.6430398636
1630000.0,650852.0243197872,561177.4334697429,3181280.2205419815
539000.0,376351.5349789465,339477.89502021106,2859257.5238835155
18653820.0,1495456.7280968612,1257376.1370651259,3257066.678742336
341100.0,785184.2071018728,967005.5523593281,3282360.5953951743
2088000.0,1918993.241245318,1582293.1268322843,3282139.381167949
125496.0,237144.45547866396,332629.5191786761,4585148.378271737
508000.0,1449784.1585135607,970209.3824023828,4179013.827774096
344000.0,1753622.1887345263,1661989.0819516992,3290785.140625057
218000.0,5300435.301396822,4305949.098394634,2555059.3447662145
1125000.0,546231.4694083675,673131.1676581107,2156906.4558204804
475000.0,747206.8759951603,765886.4438233661,3071424.8559386265
1907538.8,1843959.8734915683,1743601.6007290634,3500877.095432778
3200000.0,2710801.1726827286,2159456.8607016024,4328141.775939151
17800.0,160676.75090468753,195251.0574285149,4055595.611523881
159000.0,517547.73616304086,2140683.176849205,2383271.357884707
2759394.2,9821208.190933565,9937532.344612032,4172097.2202084092
850000.0,1780903.7295704575,1743601.6007290634,3496121.927731368
268900.0,1469759.847738222,1326637.4740839633,3321477.58669779
8486772.0,7793384.066414826,8147764.004177555,4925575.156895359
290000.0,548995.6158623095,564157.0984597055,4100553.560700842
910000.0,746002.9418367455,617155.7962047983,4085297.432872917
5500000.0,4644342.143163359,4136348.492901825,2959310.5758240214
520000.0,4310870.54347092,1486426.1810511448,4230239.9525574595
560000.0,1310660.8534385858,977232.2177268609,4003821.4682470383
311100.0,483794.1225714967,609101.2177354243,3168300.0437138816
417000.0,750866.0359705045,874024.1897929616,1200011.3067495637
10000000.0,10076204.495545223,9908263.403409677,4054460.899754352
18653820.0,18591953.410649758,17590897.41382434,2901440.2834984967
350000.0,1336864.6897896272,874351.4353923142,3369461.551684738
851954.0,557349.1288014649,665931.7450455081,4137081.894407123
18653820.0,18579068.14519386,18556886.133796256,3193067.4044717
17940000.0,9821208.190933565,9937532.344612032,4172097.2202084092
17940000.0,9821208.190933565,9937532.344612032,4172097.2202084092
100000.0,589222.0915231099,418601.96995157714,4067051.242804549
870000.0,740044.4017932056,836232.2294391165,3550028.9440916786
550000.0,3851416.527406739,1499255.6853013854,2541987.9272149443
250000.0,752392.0833771728,654530.095373065,3568563.0612783614
15000000.0,5961996.274290101,10780149.731467076,4269502.6189226145
3300000.0,968352.7005813612,772149.0964150747,4105741.0163751068
325000.0,486177.79231700633,745867.6667228502,2380826.8907416943
387400.0,1083869.7588367502,803547.5827952877,2526960.6265306138
1100000.0,405540.46875551663,351208.01147346554,3396726.8329293346
10332269.0,496759.04580727586,567050.0276438317,2488816.506553731
2759394.2,10355189.786439225,10323262.628816858,4051434.8839443643
290000.0,1077758.1855382049,977249.3514237786,1716629.7966042133
239737.0,3694974.3040175955,1039052.2263788227,3899359.8295926247
1617187.0,880837.533918371,709319.3292045057,720881.8208104544
790000.0,1676271.2581755167,1751080.1532652613,3277384.2134665395
950000.0,2457305.376183378,1503016.298286382,4071713.363588324
120000.0,553905.3274759194,552234.1998696072,4095582.249013005
17940000.0,10355189.786439225,10323262.628816858,4051434.8839443643
194000.0,1479151.3324666023,1222262.783121407,3254472.950905204
341100.0,584648.414636445,824035.4619785218,4078290.7300987896
207440.0,656780.0718322353,560900.2331721133,3330943.979442622
659950.0,480858.8775932518,387315.9962730013,2242391.9610623596
2759394.2,10355189.786439225,10323262.628816858,4051434.8839443643
590000.0,552701.2637155472,407897.02186322707,1779944.5055560276
9200000.0,5388884.301231459,5009672.411032198,5496564.790771561
340000.0,552586.6960434215,567616.2696944944,4131246.0067735747
8486772.0,8479401.111215042,8460514.305274202,3746130.852841391
2500.0,1534544.3966181881,1555953.5294543959,3243233.4636109634
680000.0,685911.2393954527,647987.5344076284,3159864.2497783685
763785.0,553032.4185691368,564157.0984597055,4099040.552795848
2759394.2,10355189.786439225,10323262.628816858,4051434.8839443643
700000.0,879642.4410594656,1133478.7361158216,4064719.157068594
17940000.0,10799445.11243055,10503338.384280149,3811079.2527587493
619000.0,735653.0190619134,680795.8137072554,3725257.9353595036
260000.0,552474.9181553436,564157.0984597055,4098824.4088094207
18653820.0,18431227.936000407,18290795.161725394,4416556.068858135
792500.0,3286804.4967866475,2139682.9129246953,3548030.4998920164
8486772.0,5582785.899197628,8057567.726261884,4232185.248435309
975000.0,2364426.2027005386,1421318.0142857574,4257317.554508898
470000.0,376447.9531906953,78956.12544953168,2292680.3505400796
1139190.0,741890.7854621271,595822.8269832367,964811.3506505764
125496.0,178323.84932574094,101345.51659338045,2958092.053696614
460000.0,1614159.7584561629,1557099.1769917444,3348495.5850012517
775400.0,6087326.633742954,2383312.6661644923,4128855.099129076
330000.0,573126.2146786149,567616.2696944944,4129084.566909298
3300000.0,1192097.827913973,1661819.4252846378,4075686.5287540266
620000.0,1809259.1671388834,1412655.3162961472,4127526.0329481866
4500000.0,3250296.939785741,3707814.6184727014,4206247.970063985
507100.0,692949.6433027441,1341089.7240599564,2360333.4182919487
1900000.0,5416115.447271699,1884230.8381215897,4283877.784777591
125496.0,237144.45547866396,332629.5191786761,4585148.378271737
17940000.0,10344771.911562212,10375070.349831678,3871168.160555153
17940000.0,10341513.983956985,10364703.790630005,3931257.0683515565
17940000.0,10355189.786439225,10323262.628816858,4051434.8839443643
950000.0,1076783.6870931943,566532.4803699616,360432.59777372656
545810.0,652644.403050395,735129.0960657623,4156534.8531856155
900000.0,215043.27670336675,419590.798244679,3234587.704153856
2759394.2,10341513.983956985,10364703.790630005,3931257.0683515565
330000.0,457259.623845737,494307.6667015304,4063756.8503097515
18653820.0,4966936.215848753,4182431.990764481,3236749.1440181327
200000.0,1249417.5445780323,5328665.452436844,2509602.2243240904
1200000.0,1014321.122639383,908909.1441731039,2699434.8983100317
6565641.5,2529936.7416142584,3311453.298120954,3274142.053670124
593300.0,548783.2859399751,488207.13766027405,2137974.0146539854
18653820.0,1693591.7710023685,1866182.9435339558,3237829.863950271
307720.0,3901483.868337234,967792.7028868314,4224187.920937484
2759394.2,10799445.11243055,10503338.384280149,3811079.2527587493
358050.0,1448007.4762382216,1326637.4740839633,3321693.7306842175
8486772.0,7062199.352066801,8641798.782430809,2658957.7189456285
301900.0,682234.9500552644,510539.9654285936,2557529.3469466534
1100000.0,855496.5753788316,1044019.9686519696,878758.1259278064
665000.0,751389.6117383556,748098.8241373791,2106107.2698661783
5500000.0,4291363.069663976,5034867.371015019,4209273.985873973
1100000.0,584057.4018427336,615674.2625630513,4082397.4658409157
125000.0,612270.444953442,565844.4957296139,3007996.5251520057
252500.0,718692.6461445882,712227.0024350189,1426528.2181157882
485350.0,684722.3150250012,641252.1407753589,1166010.971108466
534900.0,2346483.1980426945,2020612.1672095652,3251446.935095216
1.0,1502434.8195427263,1257376.1370651259,3259228.118606613
486855.0,530432.1137852041,408667.46567128965,3761367.0154498834
160000.0,1721647.2436758578,1816950.9330563361,3240423.5917874034
18653820.0,18648373.82168261,18607652.58812995,2929322.8577476693
180000.0,4698879.17529028,4356267.525862577,2540793.8416619864
2759394.2,9821208.190933565,9937532.344612032,4172097.2202084092
2340000.0,2234333.2381900577,1662982.6866060544,3919764.1411296534
5500000.0,5308854.495735232,4495468.528211815,2755340.0510587497
436500.0,597993.559287469,739160.9900135875,4152644.261429917
285000.0,1406915.8097159062,1222554.548578823,3301808.4839328695
1675000.0,1559485.6333541959,1267479.4531869914,3072072.4083284056
680000.0,584318.5479512989,615674.2625630513,4083694.329759482
680000.0,1198525.5221138902,859507.6188014204,2814668.673429675
125496.0,127154.6713823902,144486.13664174368,3346254.020311485
18653820.0,18648373.82168261,18607652.58812995,2931916.5855848016
1.0,987389.9060791283,1011283.0000435013,3242368.8876652527
8486772.0,7082907.487733528,8008342.956240979,3411608.2122415984
531000.0,2568406.3289760514,983213.3126591891,4178244.809045906
1.0,953969.789712018,1034671.1348034964,3249933.9271902223
2759394.2,10355189.786439225,10323262.628816858,4051434.8839443643
5500000.0,5325006.469286158,5354746.958291437,3298225.8679268756
1630000.0,650852.0243197872,561177.4334697429,3181280.2205419815
733500.0,572739.9123855489,871909.454970873,4168206.628452711
125496.0,237144.45547866396,332629.5191786761,4585148.378271737
289000.0,994998.8455392139,1471707.2888484215,3424681.364262167
250000.0,432749.73937214597,322950.59585172834,2752280.710855552
702650.0,955565.7432766783,698946.4920417087,680855.8376388964
70040.0,558917.6247043422,704143.4037688372,4111360.7600222267
1082000.0,628587.7764012637,665931.7450455081,4146592.2298099413
358050.0,1402825.5384768827,1222554.548578823,3300295.476027875
1040000.0,1828262.6658094625,2029254.7244206676,4156305.0541764894
475000.0,820422.1257704996,836996.2723984115,3972758.472884683
643800.0,1497921.2101786153,1683858.0744489497,828657.2578879958
85000.0,804336.5223782826,620416.6010691902,3263472.503032143
294920.0,368582.99649714085,779087.4900714575,2426417.7777684345
475000.0,820422.1257704996,836996.2723984115,3972758.472884683
2759394.2,10799445.11243055,10503338.384280149,3811079.2527587493
140000.0,4966936.215848753,4182431.990764481,3236749.1440181327
17940000.0,9821208.190933565,9937532.344612032,4172097.2202084092
125496.0,237144.45547866396,332629.5191786761,4585148.378271737
5500000.0,5526465.255175936,5318475.273536745,4699704.691078417
5500000.0,5526465.255175936,5318475.273536745,4699704.691078417
619047.0,410002.4325069709,358092.5990733869,2784221.007948067
35000.0,959598.2428722505,977084.5173940294,3238262.1519231265
270880.0,3096580.5047116135,1240992.2046538324,2846352.357850384
318000.0,2136732.6203849064,1507834.3735942016,737968.5588029111
5500000.0,4283969.062044329,4414974.730514008,3020098.4251930085
17940000.0,4864676.361143522,5921042.869981192,4171612.699537172
415000.0,547448.9218046508,646585.376189796,4128963.9801403913
195000.0,329574.6101058042,22041.72541134268,2494405.2619818435
17940000.0,10799445.11243055,10503338.384280149,3811079.2527587493
694600.0,510025.71320649754,599716.7693330934,2220160.118679315
305000.0,604954.8961145056,717474.7058546274,2057174.5647038908
17940000.0,9821208.190933565,9937532.344612032,4172097.2202084092
429385.0,867361.3741049311,2381134.1874869415,2150221.053290828
1150975.0,518853.56877714355,484773.71412303526,3061622.940216168
300000.0,590619.2683613483,643853.0535791204,4107902.4562393837
250000.0,655729.2196085283,695317.1492641342,4169452.139242399
125496.0,237144.45547866396,332629.5191786761,4585148.378271737
433500.0,429853.860004991,395282.9418393617,2412462.1794086313
750000.0,1303534.6957635456,1206648.7904844217,3927366.476595858
18653820.0,18431227.936000407,18290795.161725394,4416556.068858135
195000.0,11311423.226894125,11190874.330431601,3236533.000031705
489000.0,647139.5502346054,632920.5560866286,1417359.5761023182
17940000.0,10209104.073968817,10195479.162795534,3630812.529369538
2759394.2,10344771.911562212,10375070.349831678,3871168.160555153
750000.0,1469947.0735777712,970209.3824023828,4184849.7154076435
1400000.0,784448.4181017263,490318.2494633736,997761.3526922385
8486772.0,7082907.487733528,8008342.956240979,3411608.2122415984
283429.0,504463.92726203054,442642.9229535709,2233046.3804631643
1150000.0,821066.154931546,821822.9292184765,3345932.1165493215
510000.0,344226.3551003866,571444.5418743781,2653008.465691262
17940000.0,9821208.190933565,9937532.344612032,4172097.2202084092
190350.0,504303.4187731344,347003.68501157325,3230451.4860074897
8486772.0,7793384.066414826,8147764.004177555,4925575.156895359
1035000.0,626691.8864806421,639735.8868955346,1578213.25253568
1186755.9,1936421.8390977539,1743601.6007290634,3498715.6555685005
125496.0,127154.6713823902,144486.13664174368,3346254.020311485
125496.0,127154.6713823902,144486.13664174368,3346254.020311485
444600.0,2215527.6962034325,1874355.3365242903,3397344.125933911
445600.0,932021.117584945,992854.3752179302,3236965.2880045604
2000000.0,1335890.989707729,1410345.164571655,3271332.181846564
350000.0,553248.2626322276,665931.7450455081,4135568.886502129
1.0,1013542.2154968032,813960.5846220365,3235236.136113139
195000.0,987389.9060791283,1011283.0000435013,3242152.743678825
679500.0,1804748.739256604,3474313.433106503,1067312.1156356782
445000.0,3317293.063198371,1785493.6149392107,2527938.568097144
23737.5,959137.8699388204,1067070.1802179303,3237181.431990988
125496.0,127154.6713823902,144486.13664174368,3346254.020311485
130000.0,1753622.1887345263,1661989.0819516992,3289488.2767064907
125496.0,237144.45547866396,332629.5191786761,4585148.378271737
990000.0,498909.78157570673,352867.8481936489,2605282.7076934273
339363.97,11311423.226894125,11190874.330431601,3236533.000031705
559900.0,599458.2627990816,488508.8178194029,1654130.6666410677
543400.0,1584890.024893873,1059779.8743124092,4201492.802362576
17940000.0,10355189.786439225,10323262.628816858,4051434.8839443643
212000.0,548995.6158623095,564157.0984597055,4100337.416714414
460000.0,655830.184598014,735129.0960657623,4157831.7171041816
850000.0,2493993.0787887294,1522031.9801477029,3697817.1651621237
5500000.0,4291363.069663976,5034867.371015019,4209273.985873973
647000.0,550147.3433603995,599716.7693330934,1842038.600803419
450000.0,930024.0878098874,1179173.0597646509,4078367.1702845325
380000.0,475236.89616796264,265889.4298951063,2716531.7127844202
360000.0,865285.3412757756,875231.9951978037,3238694.439895982
222200.0,11311423.226894125,11190874.330431601,3236533.000031705
2000000.0,2607653.769956577,1222130.0070836758,4249476.767349524
1150000.0,605560.2907172539,762150.402124981,4067483.5307774046
11490000.0,929621.2727906968,1091681.9719017067,3245611.047461668
369330.0,542762.0847139502,568035.1349372388,4121735.6713707563
2088000.0,931696.443647748,881905.6707839757,3235668.4240859943
147000.0,498651.55941305356,239586.613370403,4053866.4596324596
125496.0,237144.45547866396,332629.5191786761,4585148.378271737
850000.0,1834944.6253658996,794928.5467495339,3735615.130600762
2759394.2,10488604.976280594,10364703.790630005,3991345.976147961
1732394.0,1717246.0110814683,1686313.991859571,3483801.72050499
278000.0,589484.7581683885,564324.929247961,2045718.9334232227
15000000.0,9365552.023062255,12951559.248544239,4253659.943277394
475000.0,906246.355832594,922708.5038850255,3658118.6534127975
740000.0,682452.469516039,708152.2811840423,2821014.4985395595
248500.0,532323.5163213272,396786.6317678562,1940614.1540817018
170000.0,573508.5380791384,596120.753600798,3513383.6803385485
289000.0,373029.3448099221,429740.5415418306,2683917.055750422
2000000.0,1346827.111124545,1199773.0998275261,3428715.2633511294
2018455.2,2916606.188984238,2864994.484918106,3670117.836805664
576267.44,812176.5971445177,729759.1242159265,4136627.307887421
125496.0,127154.6713823902,144486.13664174368,3346254.020311485
273000.0,525078.1517006647,756985.5093006629,2245192.4275622144
17940000.0,10341513.983956985,10364703.790630005,3931257.0683515565
17940000.0,10282388.547437541,10332621.070803612,3390456.898183923
107000.0,557140.0860427625,473028.5745528797,4052025.364496279
18653820.0,18597906.498555813,17205853.622252844,2971687.0790874977
1200000.0,738275.6673990844,718899.5878795075,3230993.337420352
2759394.2,10799445.11243055,10503338.384280149,3811079.2527587493
750000.0,1866578.2199555887,1349999.4428549644,3326477.398631821
17940000.0,10355189.786439225,10323262.628816858,4051434.8839443643
75000.0,542085.9786159514,697101.8412194498,2172502.1696913065
509700.0,469185.7740704583,926791.7264646358,2995797.050153289
11490000.0,501919.1330040758,549730.9164499393,3234371.560167428
5500000.0,5024960.325240792,5825817.541297749,3479890.4744612533
125000.0,2146883.764055858,1162982.2525665695,3981452.283718205
8486772.0,5582785.899197628,8057567.726261884,4232185.248435309
120000.0,553905.3274759194,552234.1998696072,4095582.249013005
1150000.0,336108.24433991656,388040.2692487143,2259758.238882499
202300.0,2877612.2083446523,3248220.166261107,3293162.7244757614
248000.0,1063687.1308501628,1525808.9078077318,2651593.329297583
610000.0,1450127.2652482546,970209.3824023828,4179878.4037198066
296000.0,2111250.903495321,2316550.71352423,3569827.0271032127
2600000.0,4109204.6722476087,3259765.034530085,8001281.250879999
485350.0,2497854.404198522,1413566.377126767,4329450.042327773
2759394.2,10355189.786439225,10323262.628816858,4051434.8839443643
2300000.0,2462087.4770526174,1867745.929671855,4413620.598767117
18653820.0,18384585.916408364,18134010.915503673,3290695.1432921616
350000.0,502258.39159887616,995092.4937037907,4164762.430203095
1101.38,1949140.7277940921,1929696.9503656458,3252095.367054499
800000.0,1117282.550221052,983939.0555794624,3464339.371713548
125496.0,237144.45547866396,332629.5191786761,4585148.378271737
650000.0,558372.2994396919,643853.0535791204,4109415.4641443775
1150000.0,779195.1716934887,604271.169657929,3278170.294109226
18653820.0,18431227.936000407,18290795.161725394,4416556.068858135
2850000.0,2300043.8290613596,1500032.1433382365,3646645.3060248587
2372400.0,1788791.9939651613,1743601.6007290634,3527895.0937362397
18653820.0,18591953.410649758,17590897.41382434,2901440.2834984967
296280.0,661402.8019684232,916771.2271041826,3416515.742204399
427500.0,582539.0335794195,598338.6436436807,2170827.9005909953
500000.0,2288511.1394192213,1733127.7316227101,3859459.968916326
100000.0,1377913.7079533658,1652710.4709855292,3315857.8430506694
5500000.0,5526465.255175936,5318475.273536745,4699704.691078417
546000.0,514082.6836151201,933077.7408557492,2177512.8700607503
125496.0,128390.34529909784,195229.31943987173,3567183.7244705497
1642875.0,560152.3107805661,-126611.97762162532,1791893.1959521933
404460.0,617333.7377951702,636828.2136650214,1466378.241551653
1375000.0,752079.1789703374,558550.781779448,981982.8416830171
7600000.0,2292180.1897710296,2584766.455443905,4041634.51763104
220000.0,584669.7501370786,615691.1714073899,4077210.0101666506
472000.0,1836541.7970920638,1237696.3752632102,1503296.6185732754
17940000.0,9821208.190933565,9937532.344612032,4172097.2202084092
339363.97,1499333.5577828903,2150184.269191053,3299214.7560957368
750000.0,434859.46950704395,324489.5297085777,2758981.174434811
8486772.0,8477926.954108091,8511280.759607894,3786500.765404586
180000.0,584057.4018427336,615674.2625630513,4082181.321854488
1617000.0,534315.7963028991,516994.54011420853,2825400.922238368
5500000.0,4291363.069663976,5034867.371015019,4209273.985873973
552500.0,1280577.9634147133,1211528.4259499644,3480926.650159852
1.0,1033067.8737358138,1011283.0000435013,3241072.0237466865
368200.0,581221.8052421929,615674.2625630513,4084991.193678048
445600.0,338413.1974186973,427205.51768580574,2377044.7309674523
125496.0,127154.6713823902,144486.13664174368,3346254.020311485
2759394.2,9821208.190933565,9937532.344612032,4172097.2202084092
485000.0,3273914.558293605,6047456.668841757,4094945.6141515695
380000.0,3796388.3424584544,2216685.6934459754,2269348.2668306027
18653820.0,18431227.936000407,18290795.161725394,4416556.068858135
5500000.0,4008819.0038479175,4545657.57531143,2529667.7199885654
8000000.0,4627269.63216038,967157.1268176255,4098142.0802436573
225000.0,490790.31583919574,61211.51683174584,2052603.663970795
640000.0,1437303.4285902032,1619837.586444293,4053994.31045256
1200000.0,862491.4214029993,465338.453611003,3894513.4702283526
340000.0,536767.6692996839,526394.9900033918,4124329.3992078886
1080.0,1013542.2154968032,813960.5846220365,3235236.136113139
240500.0,1667160.7585363805,1652049.1120491985,3278248.7894122503
810000.0,505856.69858778926,395138.9278767001,3232445.794784123
1110000.0,757503.1267049677,490318.2494633736,1495930.847952478
17940000.0,9821208.190933565,9937532.344612032,4172097.2202084092
19475000.0,7742005.974412951,14560800.67889951,4998533.284613546
166500.0,4966936.215848753,4182431.990764481,3236749.1440181327
125496.0,171403.8035492408,472095.22745909146,3855054.174558924
5500000.0,4032861.0391581897,5056607.250448245,3026765.6197566735
633200.0,438024.0699326856,343364.8782693297,2421029.6722172457
2756396.0,628587.7764012637,665931.7450455081,4146592.2298099413
870000.0,934538.5000274896,1073113.5808203712,1331925.377781028
700000.0,315375.3241846452,430971.60685072804,2700827.675874587
17940000.0,10341513.983956985,10364703.790630005,3931257.0683515565
10000000.0,9969377.7338205,9898220.281490276,3213216.1906046993
1.0,1717246.0110814683,1686313.991859571,3484234.008477845
1610000.0,8401871.194630316,14227303.105085839,4375488.711436871
238000.0,1561670.8454865061,874351.4353923142,3368380.8317525997
390550.0,678454.1860430215,431166.62289952766,1601445.4620316508
1.0,1438713.9888316249,1326637.4740839633,3322558.3066299283
464805.0,676043.5229031115,523179.7638252256,2052135.0272954826
18653820.0,16921157.720572554,16939034.92440557,3331546.3567269966
50000.0,3966175.0696927696,3019636.467933306,5678852.857171223
2759394.2,10341513.983956985,10364703.790630005,3931257.0683515565
250000.0,545850.3615398441,1083391.6246277045,2244380.0913741607
1295000.0,1402628.9609069075,1652710.4709855292,3316073.987037097
125496.0,171403.8035492408,472095.22745909146,3855054.174558924
521500.0,558372.2994396919,643853.0535791204,4109415.4641443775
950000.0,1563780.1865618138,1059779.8743124092,4202573.522294715
386060.0,941099.6993586444,988283.1070841363,3248204.775298801
125496.0,237144.45547866396,332629.5191786761,4585148.378271737
17940000.0,10799445.11243055,10503338.384280149,3811079.2527587493
379450.0,3492577.5909691975,4392116.587084465,1718244.5499227978
125496.0,127154.6713823902,144486.13664174368,3346254.020311485
262500.0,1013702.0015336593,1325260.80116385,2188926.7653704425
2759394.2,10355189.786439225,10323262.628816858,4051434.8839443643
448000.0,553196.0509325416,871909.454970873,4167774.3404798554
376000.0,795386.337928112,467397.21740287665,3212609.560931559
1250000.0,1430073.0584574929,1229673.621332011,4066034.2090565125
900000.0,1437565.3607809753,1326637.4740839633,3327313.4743313375
650000.0,626915.5226337275,639735.8868955346,1575187.2367256924
350000.0,553196.0509325416,871909.454970873,4166626.2743966505
400000.0,584669.7501370786,615691.1714073899,4076129.2902345126
18653820.0,1307895.6189805018,1061551.715133493,3268954.5979958596
263335.0,1840451.3339708296,1800264.2786483786,3243665.751583819
8486772.0,8477926.954108091,8511280.759607894,3786500.765404586
2500000.0,1129839.0515520421,940441.590424833,4116141.4077855507
180000.0,585753.7809236012,476847.2481127448,3346889.6215394875
2759394.2,10799445.11243055,10503338.384280149,3811079.2527587493
400000.0,746771.3796008504,701854.1652722219,1343945.276791351
677000.0,540524.5315371783,567616.2696944944,4125410.119140027
5500000.0,5526465.255175936,5318475.273536745,4699704.691078417
5500000.0,5526465.255175936,5318475.273536745,4699704.691078417
500000.0,595648.8475858005,483002.04593016667,3042245.4177708877
1.0,1798509.8894273262,2392138.5540366606,3554048.516093991
1150975.0,725252.1337166849,725908.2365390802,3432390.5906899045
680000.0,584318.5479512989,615674.2625630513,4083694.329759482
10000000.0,9637957.088988315,9553462.974354377,4175123.2360183974
1186755.9,4555677.784643528,4703940.3312503295,4976044.51055891
125496.0,237144.45547866396,332629.5191786761,4585148.378271737
870000.0,865285.3412757756,875231.9951978037,3238694.439895982
86000.0,584669.7501370786,615691.1714073899,4076777.7221937953
1150000.0,735123.7977497384,680795.8137072554,3635639.678824317
33151.5,18431227.936000407,18205274.167395696,4413746.197034574
125496.0,237144.45547866396,332629.5191786761,4585148.378271737
650000.0,668254.6506269678,613946.3180873765,1725047.945250179
1888000.0,2498560.0982725443,1413566.377126767,4324046.44266708
8486772.0,7793384.066414826,8147764.004177555,4925575.156895359
8486772.0,8129722.855263824,8153796.4325449,3052740.9443813413
6565641.5,2399925.0185855753,2644556.616005993,3273061.3337379857
370000.0,2064253.6555218697,1790509.3362972974,1846754.0013367308
560000.0,548238.2632509328,470167.2165686236,3140766.1918937424
2500000.0,1409946.4278012519,1262431.4856571022,3343121.3651562575
900000.0,580400.3990183251,542028.776568945,4087801.065501608
244000.0,447337.4654515752,517843.33134276315,2360725.5000039185
8486772.0,7793384.066414826,8147764.004177555,4925575.156895359
8000000.0,202052.88732449227,417969.98395896476,3234803.8481402835
1125000.0,678525.1996487529,637447.507846201,4013682.593790405
562000.0,581643.5486244166,615691.1714073899,4074616.2823295183
18653820.0,18431227.936000407,18290795.161725394,4416556.068858135
8486772.0,8129722.855263824,8153796.4325449,3052740.9443813413
1010000.0,554071.3884040655,1851831.725255651,2282162.454565056
300000.0,890429.5452248611,579443.6951639862,1124059.1632011007
2600000.0,3438222.0425845464,2237551.5063355207,8317901.783260214
136065.0,498651.55941305356,239586.613370403,4053866.4596324596
267320.0,5792634.881551034,4495201.527029377,2548142.7372005284
125496.0,127154.6713823902,144486.13664174368,3346254.020311485
2600000.0,2801688.2937466362,3165500.703164174,3419944.39912045
358050.0,720140.104024086,813960.5846220365,3235019.992126711
460847.0,1421548.278767425,1435002.9633362382,3244098.039556674
450000.0,2263466.304167455,2797267.222528477,1755255.372642728
17940000.0,9821208.190933565,9937532.344612032,4172097.2202084092
410000.0,739783.7327139328,1023304.1362215566,4100394.2893578513
125496.0,237144.45547866396,332629.5191786761,4585148.378271737
260000.0,4698879.17529028,4356267.525862577,2540793.8416619864
2759394.2,9821208.190933565,9937532.344612032,4172097.2202084092
1721999.0,2289890.0480829277,1879500.04141977,3873725.472020554
125496.0,128390.34529909784,195229.31943987173,3567183.7244705497
819000.0,598628.7272889822,1045250.8163234105,1602155.707816832
400000.0,662956.1998836391,561177.4334697429,3212521.8846344193
333500.0,227497.82045163837,374808.4024961722,4054082.6036188873
287500.0,1627252.003600722,1699007.9103258892,2232335.357939953
625000.0,569550.4944865592,871909.454970873,4168855.0604119943
2759394.2,10488604.976280594,10364703.790630005,3991345.976147961
125496.0,237144.45547866396,332629.5191786761,4585148.378271737
230000.0,472748.31926771905,443422.30081613536,2669944.3122803466
175000.0,516841.34815579536,951951.6066349763,2507157.7571810777
365000.0,684292.3881758144,772149.0964150747,4106173.304347962
170000.0,539897.3156558091,526394.9900033918,4123248.67927575
624550.0,540823.2663026332,568035.1349372388,4119574.2315064794
2759394.2,10488604.976280594,10364703.790630005,3991345.976147961
175000.0,704540.0860847301,984653.6309480509,3883705.3913374636
420000.0,539975.8479665061,422873.86005981674,4062944.507062423
530000.0,651202.9169767512,545473.688462012,1554742.4224542114
622650.0,631233.4742525171,633248.5608463583,1865159.5018546388
162500.0,885701.1928531119,822665.9461560842,3285626.185196986
306780.0,591548.2862194174,509926.02236955165,2376661.207603153
125496.0,128390.34529909784,195229.31943987173,3567183.7244705497
18653820.0,18591953.410649758,17590897.41382434,2901440.2834984967
5500000.0,5308854.495735232,4495468.528211815,2755340.0510587497
4500000.0,1122186.6140140337,609808.9695656477,1992729.8315020099
2759394.2,10355189.786439225,10323262.628816858,4051434.8839443643
18653820.0,9555740.386177193,6681602.469655509,2151982.0822003637
2600000.0,1658647.2746634758,1770320.5010995949,4619245.887509474
1.0,501919.1330040758,549730.9164499393,3234371.560167428
123000.0,622938.5274847735,388051.7206744411,2472898.9300645646
8486772.0,7793384.066414826,8147764.004177555,4925575.156895359
2359869.0,2650638.897371344,3513448.5491538523,3879131.7057631575
53025.0,928058.6194467499,988283.1070841363,3246691.767393807
2600000.0,2271879.398068894,1901764.0729486544,4742666.870818154
372000.0,751072.376878296,227209.23209171533,2086850.0448807136
2759394.2,9821208.190933565,9937532.344612032,4172097.2202084092
580000.0,543728.0207773714,568035.1349372388,4120438.80745219
125496.0,178323.84932574094,101345.51659338045,2958092.053696614
240500.0,318640.33699455607,452211.54894766747,2486407.934484019
180000.0,370205.8445111008,353890.4791878485,2737124.371484936
580000.0,804762.1264148913,732128.7199755854,1154104.9673428652
17940000.0,10344771.911562212,10375070.349831678,3871168.160555153
5500000.0,4291363.069663976,5034867.371015019,4209273.985873973
1100000.0,1251122.1748700356,5328665.452436844,2509169.936351235
18653820.0,18648373.82168261,18607652.58812995,2929322.8577476693
125496.0,128390.34529909784,195229.31943987173,3567183.7244705497
885000.0,553248.2626322276,665931.7450455081,4136001.1744749844
252000.0,2496730.961412557,1413566.377126767,4326424.026517785
2759394.2,10282388.547437541,10332621.070803612,3390456.898183923
2759394.2,10355189.786439225,10323262.628816858,4051434.8839443643
170000.0,734895.8919144302,615233.9666261278,4303030.881993724
1040000.0,890103.1242572708,325651.96469877905,3193854.0470111337
18653820.0,18648373.82168261,18607652.58812995,2931916.5855848016
17940000.0,9821208.190933565,9937532.344612032,4172097.2202084092
8486772.0,8477926.954108091,8511280.759607894,3786500.765404586
517500.0,2022001.8344422048,1694600.4525265554,4174685.908605623
125496.0,237144.45547866396,332629.5191786761,4585148.378271737
513550.0,551816.593415553,564157.0984597055,4099905.1287415586
465000.0,408599.997013126,596267.3975579118,2591073.0130978283
17940000.0,10799445.11243055,10503338.384280149,3811079.2527587493
401500.0,348543.2358034095,-19649.38083376342,2315291.3048853595
331500.0,631005.8710059507,611620.5511664907,2028800.900544202
125496.0,128390.34529909784,195229.31943987173,3567183.7244705497
617100.0,408487.784980182,623926.1140606529,2599070.340595653
620000.0,551140.1431983792,599716.7693330934,1883406.2664407373
562000.0,581643.5486244166,615691.1714073899,4074616.2823295183
430260.0,620650.9717108629,532326.4229171366,1490520.82716751
222200.0,396661.3431083996,274001.61126796063,2925083.4139463943
315000.0,461682.0848436203,309978.7923358634,2700071.891937618
445000.0,2786433.551018305,2719275.933605396,5717865.96422166
479500.0,485592.5575962557,310412.25985301466,2262344.091106016
125496.0,128390.34529909784,195229.31943987173,3567183.7244705497
8486772.0,7793384.066414826,8147764.004177555,4925575.156895359
817320.0,1496290.3485048786,1222262.783121407,3252959.94300021
17940000.0,11713003.660278099,11026839.866915021,4111523.791740768
990000.0,706640.3811378124,665270.8119394217,3830006.270944629
384000.0,472801.99077396444,730271.1991090206,2744977.643179994
19475000.0,2781461.7829393116,2602215.076128182,6009444.201912623
7600000.0,2401639.274981698,2680855.588849215,4047692.011260095
612185.0,2662683.987992325,2941139.2579101836,3695406.6832177043
8486772.0,7793384.066414826,8147764.004177555,4925575.156895359
2759394.2,10341513.983956985,10364703.790630005,3931257.0683515565
200000.0,379421.0034781325,478795.1212265129,2723939.5883128466
125496.0,1295167.2715964883,904955.3267463464,3267225.446104438
17940000.0,9821208.190933565,9937532.344612032,4172097.2202084092
130000.0,486627.9192090212,335172.75284449826,2302570.68670424
18653820.0,17404850.063278068,16505121.00098987,3000956.638946173
1888000.0,2498560.0982725443,1413566.377126767,4324046.44266708
340000.0,407923.1854318399,623926.1140606529,2603609.3643106343
18653820.0,11311423.226894125,11190874.330431601,3236533.000031705
1186755.9,4640587.117683405,4703940.3312503295,4935039.938300692
98952.0,1553930.3414324173,1222262.783121407,3252527.6550273546
560000.0,1666242.2637319162,1652049.1120491985,3278897.2213715333
2000.0,1491893.1902174284,1555953.5294543959,3243449.607597391
280000.0,336073.5611012407,-47308.09733650461,2324253.3110675802
350000.0,528202.6553541973,384510.72989520256,3068971.8357547093
185250.0,1251122.1748700356,5328665.452436844,2509169.936351235
260000.0,6212190.988406314,6089897.303775841,3235884.568072422
607920.0,850036.2919854659,1048062.6098056929,1086851.7178890356
8486772.0,8125992.791678055,8153796.4325449,3032555.9880997436
1047000.0,1788791.9939651613,1743601.6007290634,3531785.685491938
271320.0,481327.92858203384,362906.0715173613,3092859.613985783
300.0,1747766.3778874283,1494122.9972565798,3237397.575977416
125496.0,237144.45547866396,332629.5191786761,4585148.378271737
160000.0,707895.4757943895,664810.1831363331,3238722.940142176
819300.0,385639.2088029916,-64107.3220251913,2646684.327289977
1887840.0,3408871.5002658586,6079620.511021031,3595115.8735152534
460000.0,1753622.1887345263,1661989.0819516992,3290568.996638629
1630000.0,628566.2983109938,651265.2410856703,4092340.0892165895
125496.0,243946.17589123276,144486.13664174368,3361450.982653732
800000.0,626090.6449264883,683724.7847730467,1662243.7360437317
210173.0,553248.2626322276,633364.9024817045,4134704.3105564183
245020.0,471374.8678099174,740080.519102771,2452571.200126186
210000.0,558867.8876665735,568035.1349372388,4117845.0796150574
521600.0,739213.0581920983,900138.7785505729,1231822.9734890168
270000.0,535193.4696264698,567616.2696944944,4126706.9830585932
1.0,1819925.0954642312,1743601.6007290634,3512332.7267134455
125496.0,237144.45547866396,332629.5191786761,4585148.378271737
18653820.0,18431227.936000407,18290795.161725394,4416556.068858135
322000.0,370577.82611158956,1021129.6225848633,2486490.3118858305
517700.0,2136835.8349852124,1896926.9154628,1734289.4059592416
217000.0,1727332.0916862702,1686313.991859571,3466726.345577202
18653820.0,1502434.8195427263,1257376.1370651259,3259660.4065794684
335000.0,859342.5802351271,1643995.541824415,1584222.7336244998
8486772.0,5582785.899197628,8057567.726261884,4232185.248435309
18653820.0,1335890.989707729,1410345.164571655,3271332.181846564
430769.0,336403.0312978088,529413.9208421491,2663532.6377339107
17940000.0,10355189.786439225,10323262.628816858,4051434.8839443643
533880.0,353016.5438424233,393512.79389862425,2312033.206579887
2088000.0,1495097.1877601836,1828700.3989030074,3272412.9017787026
730000.0,399295.1574542278,391392.8019283374,2401252.857447354
207500.0,227497.82045163837,374808.4024961722,4054082.6036188873
855000.0,623642.1402536794,665931.7450455081,4146808.373796369
8486772.0,7793384.066414826,8147764.004177555,4925575.156895359
543833.5,537661.8931182058,526394.9900033918,4124113.255221461
745000.0,583296.5593172146,398712.48392625037,3843934.8978347676
738500.0,558867.8876665735,568035.1349372388,4118061.2236014856
345000.0,813150.9354906621,929390.9681118206,3291679.0963864657
10000000.0,9942972.39265243,9897985.097329644,3093038.375011892
8486772.0,8125992.791678055,8153796.4325449,3032555.9880997436
3612000.0,2289465.46124496,1879500.04141977,3878048.351749108
104760.0,532508.9449983095,359352.6624898155,2818587.901790071
515000.0,628587.7764012637,665931.7450455081,4146592.2298099413
18653820.0,18431227.936000407,18290795.161725394,4416556.068858135
1520000.0,1648491.2454849875,1059779.8743124092,4201060.514389721
715000.0,632083.9060535621,695415.518225606,2795771.479990503
10000000.0,9986639.250167204,9683141.758089408,3633838.545179526
625000.0,767717.2850551251,826432.652390739,2202512.8369567245
694074.75,953969.789712018,1034671.1348034964,3249933.9271902223
544200.0,560242.2533694403,933077.7408557492,1804977.8763855977
346150.0,349962.1877210835,1014618.3914047478,2645808.8308468396
328830.0,644091.6231151312,698856.5070538579,1700651.8247638165
18653820.0,1798636.8449936633,1481781.8347586358,3423713.69227809
350000.0,1154346.2171200144,662154.2974345661,4140277.627126363
18653820.0,1365994.7073765656,1222135.6833360787,3312831.8272406817
8486772.0,8477926.954108091,8511280.759607894,3786500.765404586
612185.0,1802711.0818360914,1696585.0558393542,3439708.3472737395
8486772.0,8598904.068702046,8460514.305274202,3766315.8091229885
6565641.5,2554450.5318592917,4245590.872552021,3272629.0457651303
2759394.2,11314718.66289589,11280737.067107422,3510634.7137767305
550000.0,202052.88732449227,417969.98395896476,3234803.8481402835
380000.0,678768.9703641218,816741.4862059989,2075916.3419458724
4500000.0,5180386.853951028,3400346.5864286036,4681548.59621849
1025000.0,1047697.8104939554,703232.2909616346,303724.79716350185
726500.0,649826.9187753535,507933.58468311984,3404724.160427159
900000.0,3033006.766360978,3118431.58594636,2132977.3499037838
8486772.0,5582785.899197628,8057567.726261884,4232185.248435309
688000.0,597391.9096822442,665931.7450455081,4142701.638054243
40000.0,1495986.037905707,1257376.1370651259,3257715.110701619
193100.0,2740705.820508144,2314715.338130437,5033986.391164429
2450000.0,7979869.925977675,13881634.978670986,3776554.4304772043
520000.0,1491893.1902174284,1555953.5294543959,3243449.607597391
480000.0,1139855.272580525,1430612.2406814569,2217225.689083414
1186755.9,4875871.554711666,4869782.531612071,5098126.305236785
125496.0,128390.34529909784,195229.31943987173,3567183.7244705497
5500000.0,4283969.062044329,4414974.730514008,3020098.4251930085
770560.0,471555.341393482,376584.70161793695,2452288.1728474502
18653820.0,18560188.192082427,17540130.959490646,3163671.8223175337
125496.0,237144.45547866396,332629.5191786761,4585148.378271737
18653820.0,18413652.156084966,17160070.061509877,3233918.617906535
2359869.0,1956154.1053497791,2226663.113011763,5563199.916857064
17940000.0,9821208.190933565,9937532.344612032,4172097.2202084092
50000.0,929229.9373945044,1048848.1839517497,3245827.191448096
809000.0,548073.4294785145,599716.7693330934,2106216.3427586183
500050.0,681135.1224174711,571350.1421638038,1386269.7032742733
784258.0,1365994.7073765656,1222135.6833360787,3313480.259199965
18653820.0,1985333.955235801,1858341.0416788775,3236100.7120588496
1630000.0,628566.2983109938,651265.2410856703,4092340.0892165895
664600.0,538403.1897804671,625595.8846240676,2236803.2056342475
1150000.0,821066.154931546,821822.9292184765,3345932.1165493215
345000.0,720551.0303013725,1029305.2878632002,1407760.039999035
474000.0,451943.9746136046,492007.6842246035,2439510.3430450563
302000.0,648107.8136577993,728767.8807312337,2390136.576267589
375500.0,2496051.986886025,3336571.9329862096,3255553.6708373423
285000.0,1797180.6209936633,1481781.8347586358,3423065.260318807
5500000.0,5526465.255175936,5318475.273536745,4699704.691078417
293000.0,390458.3563713428,306564.12391002517,2649926.4870863925
960000.0,1658467.0461821447,1582293.1268322843,3282355.5251543764
702200.0,932021.117584945,992854.3752179302,3236965.2880045604
18653820.0,18431227.936000407,18290795.161725394,4416556.068858135
10000000.0,9637957.088988315,9553462.974354377,4175123.2360183974
1150975.0,939297.2695793016,1166174.5922528428,3477152.988451003
300000.0,1534544.3966181881,1555953.5294543959,3243233.4636109634
205000.0,618276.9969421824,637526.374559586,2139348.574224047
626980.0,602092.5018171322,665931.7450455081,4140324.054203538
700000.0,345866.7871465419,393464.5619670987,2822403.374612561
371000.0,1454190.177823416,1387012.6475403984,1802660.6281054807
2759394.2,11713003.660278099,11026839.866915021,4111523.791740768
18653820.0,12294625.05905016,11914822.83922834,3236316.8560452773
661200.0,552586.6960434215,567616.2696944944,4131462.1507600024
373600.0,553196.0509325416,871909.454970873,4167558.196493428
307111.56,1374895.932229503,1652710.4709855292,3315425.555077814
18653820.0,18431227.936000407,18290795.161725394,4416556.068858135
302000.0,647018.337291055,-176341.6150094541,2343331.2027240945
350000.0,397084.4646064796,875676.1462809434,2440899.4248590902
18653820.0,9298799.239355046,6793255.988121038,2161276.2736167544
375000.0,543728.0207773714,568035.1349372388,4120438.80745219
1100000.0,538209.356644735,393905.61535925564,4063592.9390217056
18653820.0,18648373.82168261,18607652.58812995,2931916.5855848016
193100.0,2627488.4755101055,3857497.8912133696,2171318.999731114
412000.0,389123.06797593547,904592.7753832039,2595529.659410998
278500.0,581420.7474971612,531286.5547009124,4088881.7854337464
1101900.0,548352.2142898353,564157.0984597055,4101634.2806329806
165000.0,570345.6929340579,503021.7641596402,4050397.2318314575
4500000.0,3250296.939785741,3707814.6184727014,4206247.970063985
8486772.0,7793384.066414826,8147764.004177555,4925575.156895359
10000000.0,10134023.544594945,9949704.565222824,3994371.9919579485
420000.0,1447499.5998191496,970209.3824023828,4181823.699597656
1500000.0,1637769.8357506415,1755928.1878670244,3388482.2224903754
485250.0,987978.5687406085,841734.9634765554,1415509.346492318
645500.0,555658.4537534231,564157.0984597055,4098392.1208365653
810000.0,1297169.1447948117,904955.3267463464,3265496.2942130165
686500.0,823484.4268239756,-1870.0755094966655,1307770.9952987386
600000.0,481382.7272520278,645400.0538827309,3214938.1318834797
125496.0,237144.45547866396,332629.5191786761,4585148.378271737
795000.0,935647.0012217914,909128.6086388922,148620.624888408
1675000.0,1032602.2773847213,884537.4499923083,3966960.060507481
24000.0,959137.8699388204,1067070.1802179303,3237181.431990988
420000.0,500524.31262178527,860206.1114934041,2286119.9296130626
950000.0,3542491.3735958617,2347002.107889778,4952593.155198822
18653820.0,18431227.936000407,18290795.161725394,4416556.068858135
2759394.2,10355189.786439225,10323262.628816858,4051434.8839443643
910000.0,772191.495345043,666855.402607303,3013929.675979355
670000.0,598798.496859565,665931.7450455081,4141620.9181221044
810000.0,505856.69858778926,395138.9278767001,3232445.794784123
310000.0,1650960.714541017,1464875.7018322276,3634424.3127380586
18653820.0,18431227.936000407,18290795.161725394,4416556.068858135
236500.0,551479.3839536007,665931.7450455081,4137730.326366406
620000.0,1830577.6138086177,1682500.3895578939,3255985.9588101977
501430.0,581643.5486244166,615691.1714073899,4074183.994356663
17940000.0,1215586.3982676775,874351.4353923142,3381133.326951834
377058.0,4489989.20304401,1162606.7791980274,3391634.384953896
210650.0,493713.61527073954,622341.9320991246,2374707.975829411
2500000.0,1071783.813542529,940441.590424833,4115675.446737162
253000.0,543315.206694605,816438.1002335574,2429593.054272542
1250000.0,539897.3156558091,526394.9900033918,4123464.823262178
125496.0,237144.45547866396,332629.5191786761,4585148.378271737
527000.0,591845.4631077958,630340.8876158451,1999770.7230705828
680000.0,310524.8062111736,388173.8620485202,3234155.4161810004
18653820.0,18431227.936000407,18290795.161725394,4416556.068858135
450000.0,551594.7721639727,358933.7972470712,2825936.7973286128
460847.0,2499892.8443459156,1413566.377126767,4301999.756051455
179000.0,637038.9684940093,683843.864035094,2946377.7729128413
180000.0,2097622.250695518,2232836.6588771553,2207283.06570774
719450.0,747491.6266038269,1021187.2348896042,1604339.4980848392
8486772.0,7793384.066414826,8147764.004177555,4925575.156895359
125496.0,171403.8035492408,472095.22745909146,3855054.174558924
8486772.0,7793384.066414826,8147764.004177555,4925575.156895359
3200000.0,1191531.657919847,1128013.9617965543,2130301.289909114
640000.0,604392.4900584604,935985.4140862625,1809327.4700639853
676975.0,2607605.3490547454,2883569.3128268397,4452435.970605131
120600.0,1589752.4730333241,1557099.1769917444,3352602.320743378
18653820.0,4966936.215848753,4182431.990764481,3236749.1440181327
481000.0,687645.0495181043,676850.2029810471,1716338.4317568424
819300.0,599361.1427961079,762150.402124981,4068348.1067231153
2759394.2,10799445.11243055,10503338.384280149,3811079.2527587493
430000.0,356703.88372127817,712503.5039477516,2562423.73441426
1110000.0,1793732.736927351,1743601.6007290634,3548644.9164332985
17940000.0,9821208.190933565,9937532.344612032,4172097.2202084092
210000.0,1666242.2637319162,1582293.1268322843,3279977.941303672
167500.0,1510172.4096999422,1067375.7498109313,3240855.879760259
312500.0,1433896.658442219,633215.6955897404,2339350.8669597413
619047.0,710301.0920769464,690317.2580164613,3243045.81987073
540000.0,652644.403050395,735129.0960657623,4155886.4212263324
477000.0,573426.1982590323,643853.0535791204,4108118.6002258114
350000.0,529307.3208856237,995092.4937037907,4164063.488630512
850000.0,2932354.561376809,1435002.9633362382,3244314.183543102
75000.0,1622280.2541455051,1763949.2696392362,3353899.184661944
1075700.0,2160794.820532052,1062564.9101752343,2377317.1977760466
17940000.0,10799445.11243055,10503338.384280149,3811079.2527587493
81000.0,245734.00147873652,215802.1896660517,4054947.179564598
2759394.2,9821208.190933565,9937532.344612032,4172097.2202084092
125496.0,237144.45547866396,332629.5191786761,4585148.378271737
397875.0,695261.9792432693,695364.8132089163,2062045.7736530425
8486772.0,6621233.187444361,8511280.759607894,3397938.514432419
960000.0,809121.4898030632,929534.8582365392,4052471.7580023613
10000000.0,9969377.7338205,9898220.281490276,3213216.1906046993
2759394.2,10209104.073968817,10195479.162795534,3630812.529369538
321850.0,552344.2820972126,567616.2696944944,4132326.726705713
1.0,1721647.2436758578,1816950.9330563361,3240423.5917874034
1.0,501919.1330040758,549730.9164499393,3234371.560167428
350000.0,1596414.6216053958,1072649.3286477954,4178911.4290745417
8486772.0,7082907.487733528,8008342.956240979,3411608.2122415984
2359869.0,2642130.4978544475,2226552.731734105,4264390.702413036
18653820.0,18431227.936000407,18290795.161725394,4416556.068858135
5500000.0,5526465.255175936,5318475.273536745,4699704.691078417
200000.0,2288900.058612825,1973594.188428559,3995846.8243522025
369330.0,419566.2360963045,367330.58039654215,2761265.6146725304
634150.0,552344.2820972126,567616.2696944944,4132326.726705713
600000.0,357253.14988507784,485635.5710255898,2906843.7535426463
5500000.0,3280167.044302779,4758736.283166279,2264909.3458543066
67781.7,6032411.462130703,2238103.001861234,3525199.8933356856
307111.56,4966936.215848753,4182431.990764481,3236749.1440181327
513000.0,558749.7898241114,704143.4037688372,4112009.19198151
1130000.0,650852.0243197872,561177.4334697429,3181280.2205419815
441000.0,434249.59469265735,906131.7092400532,2572052.342292191
1350375.0,3901074.3650926827,915816.6869942205,4214893.729521094
404460.0,551479.3839536007,665931.7450455081,4137730.326366406
740000.0,525531.5655888235,832448.2254352948,4161938.452846308
100000.0,571041.228232761,546545.7192168215,3261604.2856607772
125496.0,237144.45547866396,332629.5191786761,4585148.378271737
5000476.0,1294077.6841041832,904955.3267463464,3268090.022050149
400100.0,370443.070909135,353890.4791878485,2738421.2354035024
18653820.0,18413652.156084966,17160070.061509877,3233918.617906535
535262.0,1294077.6841041832,904955.3267463464,3268522.310023004
1710000.0,1297169.1447948117,904955.3267463464,3265928.582185872
808800.0,558749.7898241114,694402.3969542986,4112873.767927221
619047.0,584318.5479512989,615674.2625630513,4084775.0496916203
6565641.5,1365994.7073765656,1222135.6833360787,3312399.5392678264
5500000.0,5526465.255175936,5318475.273536745,4699704.691078417
10000000.0,9637957.088988315,9553462.974354377,4175123.2360183974
5500000.0,4291363.069663976,5034867.371015019,4209273.985873973
18653820.0,18423401.12893262,15238776.511903651,2521057.855604758
381280.0,549031.4403259835,564157.0984597055,4102498.8565786914
5500000.0,5024960.325240792,5825817.541297749,3479890.4744612533
784258.0,1480590.3871263394,1277161.733229441,3340714.401489855
529150.0,3901074.3650926827,969677.9815253374,4216839.025398943
18653820.0,18431227.936000407,18290795.161725394,4416556.068858135
350000.0,442498.0559732326,437490.1991013419,2536779.5242495947
6360000.0,2848760.9363886933,2835539.0053694732,3727612.137195431
615000.0,777084.3312754226,496574.380561142,1653583.978287897
18653820.0,18404463.976932622,15158636.561953487,2530352.047021149
1075000.0,3306796.369187152,3525018.1177603505,3618675.568035872
1200000.0,1083207.722183664,980238.707696023,3549062.1822556606
402500.0,533326.3215809184,388617.5226517372,1854807.0345117103
2759394.2,9821208.190933565,9937532.344612032,4172097.2202084092
17940000.0,10344771.911562212,10375070.349831678,3871168.160555153
424000.0,575951.3285547644,599499.971596741,3169392.3012884585
17940000.0,9821208.190933565,9937532.344612032,4172097.2202084092
350000.0,545718.8082278932,495214.9785852087,2102758.038975775
8486772.0,5690541.686296501,8324809.650426606,2689351.643630122
593300.0,715494.0345121056,779173.9975914697,3119976.8262288235
10000000.0,10076204.495545223,9908263.403409677,4054460.899754352
484000.0,1106831.8697323867,890699.2176286761,1225690.533992446
8486772.0,5582785.899197628,8057567.726261884,4232185.248435309
415000.0,345580.7705075339,22041.72541134268,2436643.428422844
2600000.0,2357938.4299106942,1901764.0729486544,4682577.96302175
125496.0,237144.45547866396,332629.5191786761,4585148.378271737
694600.0,5403578.868018833,6726660.370438317,1782906.4630822227
1.0,3552052.396350104,2045184.0377660436,5371367.751257673
360000.0,1064765.6469641884,913088.36163244,2481431.7159418883
420000.0,535175.0971284147,396443.0530913501,3822104.3552055703
1186755.9,4949998.303012502,4773693.398206762,5074828.252817343
279200.0,541142.4573437448,583044.8102922462,2368306.0336383916
2850000.0,2122533.059719896,1535795.5324969038,3323883.670794688
9250000.0,5784467.350344455,5655643.841784913,4647983.608373262
291150.0,2856892.502955082,3300600.213639447,2118395.6000744426
405000.0,1421548.278767425,1435002.9633362382,3244098.039556674
1.0,3011457.841660101,2052972.835747362,3600951.761148801
1300000.0,2567061.8157315818,1322703.5730001463,4272388.029910861
17940000.0,9821208.190933565,9937532.344612032,4172097.2202084092
125496.0,127154.6713823902,144486.13664174368,3346254.020311485
105000.0,583802.6976071786,612972.9151067428,2063975.1310218344
361705.0,550705.3058186313,665931.7450455081,4138162.6143392613
490000.0,616542.5379731026,105622.12880518213,1899949.2506569845
125496.0,128390.34529909784,195229.31943987173,3567183.7244705497
2359869.0,2715234.7180193886,4473565.5405824445,4423040.388450965
244000.0,2291514.3791765994,3550118.9054282703,3260524.982525179
490000.0,644010.5663884815,902854.3630501212,1659708.707312786
5500000.0,4008819.0038479175,4545657.57531143,2529667.7199885654
240000.0,371215.26011465414,91036.97636113447,2760102.51733858
411612.34,936195.3705348949,988283.1070841363,3247340.19935309
461500.0,637621.0103175736,469578.52097929857,2424844.4289860874
296200.0,981618.0259577079,1011283.0000435013,3243017.3196245357
757000.0,2597490.6887965356,1007326.7860029576,4240831.007892417
2759394.2,9821208.190933565,9937532.344612032,4172097.2202084092
10000000.0,9637957.088988315,9553462.974354377,4175123.2360183974
2450000.0,3055936.893303855,2977388.123702902,4901489.841795638
180000.0,1985333.955235801,1858341.0416788775,3236100.7120588496
530888.0,1646919.5661714189,1412655.3162961472,4167929.9518558816
810000.0,620496.4145124878,701974.2941045265,3082213.353152945
86790.63,1295167.2715964883,904955.3267463464,3267225.446104438
23737.5,12294625.05905016,11914822.83922834,3236316.8560452773
125496.0,171403.8035492408,472095.22745909146,3855054.174558924
745560.0,470361.94700461486,925560.6611557383,3037728.983520262
1479000.0,535768.7801956224,567616.2696944944,4127571.559004304
300000.0,506009.0878839492,470167.2165686236,3079130.6031168113
670000.0,414062.58552838257,306774.9624390432,2580210.0052678147
2759394.2,9821208.190933565,9937532.344612032,4172097.2202084092
18653820.0,18431227.936000407,18290795.161725394,4416556.068858135
1040000.0,1578274.6580017398,1959467.5670678183,4164459.372523294
1510000.0,607363.5175557174,665931.7450455081,4139459.4782578275
774610.0,723488.4571019156,490318.2494633736,1101290.8008939908
492750.0,503970.264019093,487788.2724175297,2220010.857985195
5500000.0,5526465.255175936,5318475.273536745,4699704.691078417
975000.0,3059940.174321498,758243.4308398755,4151775.124496184
8486772.0,5582785.899197628,8057567.726261884,4232185.248435309
17940000.0,9821208.190933565,9937532.344612032,4172097.2202084092
1.0,1320174.4158484214,939621.5167659257,3263334.854348739
125496.0,237144.45547866396,332629.5191786761,4585148.378271737
125496.0,237144.45547866396,332629.5191786761,4585148.378271737
10000000.0,10076204.495545223,9908263.403409677,4054460.899754352
2600000.0,2357938.4299106942,1901764.0729486544,4682577.96302175
763000.0,557809.9888160818,651265.2410856703,4094501.529080867
18653820.0,18579068.14519386,18556886.133796256,3193067.4044717
643350.0,573855.1162153448,370224.83496972173,1391638.4417174223
8486772.0,7793384.066414826,8147764.004177555,4925575.156895359
1100000.0,772156.7025744588,782847.8801455913,4052303.392624694
18653820.0,18431227.936000407,18290795.161725394,4416556.068858135
18653820.0,18597906.498555813,17205853.622252844,2971687.0790874977
125496.0,171403.8035492408,472095.22745909146,3855054.174558924
8486772.0,6598500.45336246,7827914.3689085115,2920189.686982511
125000.0,678525.1996487529,637447.507846201,4013682.593790405
513550.0,551816.593415553,564157.0984597055,4099905.1287415586
1900000.0,959137.8699388204,1067070.1802179303,3237181.431990988
304000.0,762424.460684901,728559.7537342155,1071964.514382482
18653820.0,18431227.936000407,18290795.161725394,4416556.068858135
379450.0,558933.7153499507,694402.3969542986,4113954.487859359
125496.0,128390.34529909784,195229.31943987173,3567183.7244705497
6602667.0,4054709.4057016443,3264698.5023349547,4109344.007515817
50000.0,4113100.013388495,3115725.6013386156,5718459.546284273
5500000.0,4291363.069663976,5034867.371015019,4209273.985873973
10000000.0,9969377.7338205,9898220.281490276,3213216.1906046993
260000.0,1325108.6024499577,1030805.8021354203,3271764.4698194196
222186.0,1747766.3778874283,1494122.9972565798,3237397.575977416
2759394.2,9821208.190933565,9937532.344612032,4172097.2202084092
385000.0,401542.63085524336,284447.11307928065,2787463.167744483
2850000.0,2122533.059719896,1535795.5324969038,3323883.670794688
537500.0,554775.945506179,552234.1998696072,4095149.9610401494
1050000.0,687906.1120396138,842059.7061890615,2970036.681373039
5500000.0,4291363.069663976,5034867.371015019,4209273.985873973
329512.0,340205.06264739216,904592.7753832039,2611591.1976989554
18653820.0,18648373.82168261,18607652.58812995,2929971.2897069524
199000.0,1966787.2060889357,1989455.6299974758,3235452.2800995666
18653820.0,18431227.936000407,18290795.161725394,4416556.068858135
453950.0,536275.7137287051,567616.2696944944,4128219.990963587
438000.0,1445623.8787167605,970209.3824023828,4193711.6188511793
482000.0,772598.9344014896,904331.72100814,4095672.794731975
465500.0,7062446.657223073,6435277.78665329,2196940.031377325
5500000.0,4291363.069663976,5034867.371015019,4209273.985873973
360000.0,2635361.718555254,3493449.1181793534,1706788.9186421297
595330.0,654042.1353019768,515071.7670047102,1675983.2603310917
300.0,849240.2746916779,570740.4243405404,6349964.027453879
125496.0,237144.45547866396,332629.5191786761,4585148.378271737
420000.0,575509.7794929073,438457.36728579615,1459426.7727684232
5500000.0,4291363.069663976,5034867.371015019,4209273.985873973
18653820.0,12294625.05905016,11914822.83922834,3236316.8560452773
475000.0,889047.3120147733,861786.8530658566,4098125.917747366
200000.0,1496290.3485048786,1222262.783121407,3252959.94300021
900000.0,1438713.9888316249,1326637.4740839633,3327097.33034491
8486772.0,6632847.336226179,8511280.759607894,3382741.552090172
125496.0,127154.6713823902,144486.13664174368,3346254.020311485
1200000.0,583622.1159477636,572541.3278286777,3714246.7468391415
2575000.0,2500524.690147864,2198872.455802553,4504278.65631436
1.0,1699050.9759832406,866551.966158253,5298855.821455991
592855.0,1533257.3207619456,1031347.8610651902,4198034.498579733
515000.0,1465136.7686517807,970209.3824023828,4185065.859394071
125496.0,237144.45547866396,332629.5191786761,4585148.378271737
2600000.0,2161586.5125381527,2236000.8123811125,4382133.424039732
636000.0,654665.5433958493,612148.2200132376,3136304.5552577497
605000.0,725717.6063868715,869506.5470407006,1338936.9527059272
17940000.0,9821208.190933565,9937532.344612032,4172097.2202084092
498500.0,854278.8874604702,960215.5487686549,3566987.388972617
8486772.0,7793384.066414826,8147764.004177555,4925575.156895359
325000.0,1845628.2219650797,1743601.6007290634,3501957.8153649163
17940000.0,10209104.073968817,10195479.162795534,3630812.529369538
735600.0,1005088.6558808829,634765.012686036,271723.7610718361
8486772.0,8172903.888332688,8204562.886878591,3093110.8569445363
300000.0,1490575.131706756,2150184.269191053,3298134.0361635983
8486772.0,6332593.3776761675,7107859.715229426,2506988.095523161
1.0,2781461.7829393116,2602215.076128182,5967728.412532076
2088000.0,1907212.2478841988,1751080.1532652613,3275438.9175886903
230000.0,1365994.7073765656,1222135.6833360787,3314128.691159248
527000.0,1180142.991370496,1082665.5615834198,4135339.0874930024
320000.0,376469.8452861368,254611.39924843967,4059702.347266007
312000.0,384543.9658084354,357482.25201565394,2841357.16212589
100000.0,3909732.414236306,915816.6869942205,4210786.993778967
631300.0,589164.2315545053,361802.41590247035,1692494.367529225
18653820.0,2003679.5572635743,2552515.453606213,3240639.735773831
10000000.0,10076204.495545223,9908263.403409677,4054460.899754352
975000.0,1172915.058169555,654366.437780921,2512623.333279785
300.0,2208259.5154375075,1874355.3365242903,3393237.390191785
10000000.0,9637957.088988315,9553462.974354377,4175123.2360183974
1075000.0,628733.8227747136,859473.0916332996,4160857.7329141693
2359869.0,1488482.5946759784,2150184.269191053,3297917.8921771706
18653820.0,10863568.968759079,7244714.837687015,2153711.2340917853
561900.0,747131.7244021061,698946.4920417087,1290131.6487837005
485350.0,1185812.4340121082,1234510.9890816768,1312988.8818792994
8486772.0,7793384.066414826,8147764.004177555,4925575.156895359
125496.0,237144.45547866396,332629.5191786761,4585148.378271737
18653820.0,18648373.82168261,18607652.58812995,2929971.2897069524
460040.0,1437551.4818370554,1326637.4740839633,3330123.3461548975
520000.0,847044.2449386875,526054.9021532785,1931279.8487004526
450000.0,458025.70773536916,412105.89424103504,2662595.4167418047
720000.0,3901483.868337234,967792.7028868314,4228078.512693183
794307.6,1867849.2392144117,1383771.7854044395,4093316.1299551628
368200.0,365552.4945270024,358092.5990733869,2824807.0644976897
305000.0,347841.37425461225,404150.7522294709,2309123.232017642
520000.0,553284.5365840356,599716.7693330934,1816333.4049275804
200000.0,592840.1991704159,452658.1808924128,2274175.7143224417
2759394.2,9821208.190933565,9937532.344612032,4172097.2202084092
757000.0,862927.1224940469,712227.0024350189,1038612.5661270735
125496.0,237144.45547866396,332629.5191786761,4585148.378271737
376000.0,667754.9075006772,678997.8963401698,4149834.3896063566
120000.0,553905.3274759194,552234.1998696072,4095582.249013005
18653820.0,18339872.836096335,18341598.00122693,2849220.9217654173
422500.0,488283.708425062,450069.6291212499,2268411.6168354955
230000.0,345707.4484480043,175853.67595127595,2414746.0025013387
2759394.2,9821208.190933565,9937532.344612032,4172097.2202084092
2759394.2,10344771.911562212,10375070.349831678,3871168.160555153
265600.0,936195.3705348949,988283.1070841363,3247340.19935309
125496.0,237144.45547866396,332629.5191786761,4585148.378271737
1710000.0,821345.7484691112,692622.3070142207,1970787.0279254746
376190.0,1141125.647265788,915714.4576219559,2386343.8560232054
48901.11,581973.8098058482,615463.4240340333,4070509.546587392
625000.0,538877.9616084187,396443.0530913501,3821888.211219142
460040.0,2562856.537316872,1322703.5730001463,4268065.150182307
10000000.0,10076204.495545223,9908263.403409677,4054460.899754352
350000.0,553248.2626322276,665931.7450455081,4135568.886502129
1295000.0,6300198.589816793,13602704.047248395,4354893.599094782
350000.0,579836.5052675141,566072.2431029705,3102369.9493886014
3612000.0,3667714.5038208296,4892064.619070761,3591009.1377731273
8486772.0,7793384.066414826,8147764.004177555,4925575.156895359
1675000.0,1221622.4096867682,947064.1882833362,4154157.2693349104
1111229.5,3708984.896376599,4531593.706378964,4352916.6899307575
2759394.2,10341513.983956985,10364703.790630005,3931257.0683515565
300.0,849240.2746916779,570740.4243405404,6349964.027453879
784258.0,2781461.7829393116,2602215.076128182,5915853.85578943
2450000.0,2345843.2072890024,2355249.398189421,4720145.037182801
2759394.2,9821208.190933565,9937532.344612032,4172097.2202084092
8486772.0,6598500.45336246,7827914.3689085115,2920189.686982511
289000.0,2499892.8443459156,1413566.377126767,4301351.324092172
17940000.0,9821208.190933565,9937532.344612032,4172097.2202084092
86000.0,760419.3088007054,440669.37181908597,2534004.205071072
600000.0,2272311.147683678,1736709.8300766456,3389995.230395369
125496.0,237144.45547866396,332629.5191786761,4585148.378271737
4200000.0,3698001.871329211,4003701.4360048156,4864062.30216432
18653820.0,18015828.51772716,16249987.486469248,3261299.561137995
18653820.0,1634357.854587524,1582293.1268322843,3283436.2450865153
